Subset	ARI	NMI
2K	0.751084219508951	0.79028196394914
4K	0.861619913300667	0.857318434349036
6K	0.901889655169457	0.912988580013333
8K	0.948293187456675	0.940873211120387
10K	1	1
